,City,Cloudiness,Country,Date,Humidity,Lat,Lng,Max Temp,Wind Speed
0,Atuona,59,PF,1562872559,78,-9.8,-139.03,80.85,20.78
1,Mataura,82,NZ,1562872560,89,-46.19,168.86,44.01,5.01
2,Rikitea,69,PF,1562872561,82,-23.12,-134.97,73.65,17.27
3,Saint George,20,GR,1562872546,53,39.45,22.34,73.4,6.93
4,Katsuura,90,JP,1562872564,94,33.93,134.5,73.4,3.36
5,La Ronge,90,CA,1562872565,87,55.1,-105.3,59.0,5.82
6,Plouzane,75,FR,1562872566,68,48.38,-4.62,69.8,9.17
7,Ushuaia,75,AR,1562872359,93,-54.81,-68.31,37.4,18.34
8,Nikolskoye,40,RU,1562872568,62,59.7,30.79,53.01,6.71
9,Kapaa,40,US,1562872360,74,22.08,-159.32,82.4,13.87
10,Palmas de Monte Alto,0,BR,1562872571,23,-14.26,-43.16,87.51,4.03
11,Avarua,0,CK,1562872572,94,-21.21,-159.78,69.8,1.12
12,Gornyak,0,KZ,1562872573,71,51.0,81.46,61.23,12.71
13,Port Lincoln,100,AU,1562872574,71,-34.72,135.86,57.27,33.69
14,Terra Nova,20,BR,1562872576,57,-12.41,-38.62,80.6,10.29
15,Busselton,61,AU,1562872495,74,-33.64,115.35,46.99,12.26
16,Dubbo,0,AU,1562872578,93,-32.25,148.6,37.4,3.36
17,Bethel,75,US,1562872320,88,60.79,-161.76,66.2,4.7
18,Luderitz,0,NA,1562872497,82,-26.65,15.16,56.37,3.67
19,Fairbanks,90,US,1562872502,64,64.84,-147.72,70.0,2.17
20,Yulara,100,AU,1562872582,31,-25.24,130.99,46.4,3.36
21,Port Alfred,0,ZA,1562872505,88,-33.59,26.89,64.0,7.0
22,Vaini,100,IN,1562872585,90,15.34,74.49,76.89,0.87
23,Norman Wells,75,CA,1562872586,71,65.28,-126.83,53.6,14.99
24,Salme,75,NP,1562872587,100,28.04,85.09,68.0,11.41
25,Bluff,0,AU,1562872485,56,-23.58,149.07,54.75,1.61
26,Hasaki,75,JP,1562872589,100,35.73,140.83,66.2,4.7
27,Byron Bay,0,AU,1562872591,100,-28.65,153.62,55.99,2.24
28,Belmonte,0,PT,1562872592,35,40.36,-7.35,91.0,4.36
29,Anadyr,0,RU,1562872593,67,64.73,177.51,64.0,3.09
30,Chokurdakh,99,RU,1562872521,93,70.62,147.9,56.19,13.65
31,Faanui,0,PF,1562872595,69,-16.48,-151.75,77.97,9.13
32,Port Blair,100,IN,1562872596,81,11.67,92.75,83.01,12.64
33,New Norfolk,20,AU,1562872598,70,-42.78,147.06,46.99,21.92
34,Muros,0,ES,1562872599,68,42.77,-9.06,84.0,12.75
35,Evensk,0,RU,1562872600,69,61.92,159.24,63.75,2.77
36,Khatanga,19,RU,1562872475,66,71.98,102.47,47.37,7.38
37,Lompoc,1,US,1562872602,60,34.64,-120.46,90.0,10.29
38,Maple Creek,99,CA,1562872604,55,49.91,-109.46,74.37,10.45
39,Upernavik,83,GL,1562872605,72,72.79,-56.15,44.85,4.92
40,Buncrana,40,GB,1562872606,82,55.14,-7.45,64.4,10.29
41,West Bay,75,CA,1562872514,77,49.34,-123.21,70.0,5.82
42,Barrow,100,AR,1562872609,59,-38.31,-60.23,58.89,0.96
43,Namibe,30,AO,1562872610,88,-15.19,12.15,65.91,12.93
44,Te Anau,100,NZ,1562872611,86,-45.41,167.72,42.87,3.78
45,Hermanus,69,ZA,1562872612,90,-34.42,19.24,57.99,13.44
46,Awallan,0,PH,1562872614,95,17.92,121.91,74.37,2.1
47,Cape Town,75,ZA,1562872354,87,-33.93,18.42,57.99,3.36
48,Provideniya,0,RU,1562872616,49,64.42,-173.23,67.17,0.92
49,Ivanava,78,BY,1562872617,89,52.14,25.53,58.17,7.09
50,Chuy,100,UY,1562872618,84,-33.69,-53.46,58.71,7.67
51,Beringovskiy,0,RU,1562872620,65,63.05,179.32,60.51,3.94
52,Aklavik,75,CA,1562872621,66,68.22,-135.01,48.2,13.87
53,Pevek,48,RU,1562872551,65,69.7,170.27,47.73,7.94
54,Albany,90,US,1562872557,100,42.65,-73.75,84.0,4.7
55,Goderich,4,CA,1562872624,82,43.74,-81.71,75.0,13.85
56,Qaanaaq,5,GL,1562872625,47,77.48,-69.36,45.93,4.29
57,Budureasa,20,RO,1562872627,93,46.68,22.5,57.2,4.7
58,Nouakchott,0,MR,1562872628,69,18.08,-15.98,78.8,13.87
59,Kalabagh,0,PK,1562872629,68,34.07,73.37,82.99,6.49
60,Rangapara,100,IN,1562872631,99,26.82,92.69,71.13,4.16
61,Saint Simons,1,US,1562872632,59,31.14,-81.39,96.8,12.75
62,Amapa,40,HN,1562872633,49,15.09,-87.97,93.2,11.41
63,Annaberg-Buchholz,40,DE,1562872634,63,50.58,13.01,66.2,9.17
64,Upata,7,VE,1562872636,58,8.02,-62.41,91.99,11.01
65,Marawi,92,PH,1562872637,94,8.0,124.29,73.99,5.01
66,Mar del Plata,24,AR,1562872638,54,-46.43,-67.52,46.65,13.4
67,Dikson,100,RU,1562872639,96,73.51,80.55,32.97,3.98
68,Kurilsk,95,RU,1562872640,85,45.23,147.88,49.71,12.37
69,Petropavlovka,65,RU,1562872642,98,50.61,105.32,55.83,6.4
70,Thompson,90,CA,1562872643,87,55.74,-97.86,57.2,5.82
71,Cabo San Lucas,5,MX,1562872589,46,22.89,-109.91,98.01,9.17
72,Pontes e Lacerda,0,BR,1562872645,23,-15.23,-59.33,92.73,5.48
73,Puerto Ayora,20,EC,1562872646,65,-0.74,-90.35,78.8,18.34
74,Lazaro Cardenas,40,MX,1562872647,29,28.39,-105.62,89.01,8.05
75,Wagga Wagga,75,AU,1562872649,93,-35.12,147.37,46.4,6.93
76,Aranos,0,NA,1562872650,44,-24.14,19.11,55.83,4.41
77,Saint-Philippe,1,CA,1562872651,69,45.36,-73.48,82.4,6.93
78,Saskylakh,100,RU,1562872652,95,71.97,114.09,53.67,1.9
79,Butaritari,47,KI,1562872653,75,3.07,172.79,83.91,10.96
80,Sosnovo-Ozerskoye,55,RU,1562872655,90,52.53,111.54,54.75,2.15
81,Ancud,75,CL,1562872656,93,-41.87,-73.83,48.2,13.87
82,Avera,1,US,1562872657,52,33.19,-82.53,93.2,10.29
83,Dingle,36,PH,1562872644,86,11.0,122.67,74.91,2.04
84,Grootfontein,0,NA,1562872659,26,-19.56,18.1,54.21,6.42
85,Visnes,75,NO,1562872660,87,59.36,5.22,62.01,4.7
86,Sorland,90,NO,1562872662,87,67.67,12.69,51.8,17.22
87,Kutum,84,SD,1562872663,63,14.2,24.66,74.37,9.57
88,Punta Arenas,90,CL,1562872664,93,-53.16,-70.91,41.0,14.99
89,Tuktoyaktuk,90,CA,1562872665,80,69.44,-133.03,39.2,12.75
90,Talnakh,53,RU,1562872666,62,69.49,88.39,53.6,4.47
91,San Quintin,0,PH,1562872668,89,17.54,120.52,75.81,2.82
92,Mangrol,77,IN,1562872669,61,25.33,76.51,86.61,16.89
93,Mehamn,0,NO,1562872541,81,71.03,27.85,46.4,12.75
94,Christchurch,16,NZ,1562872481,100,-43.53,172.64,48.0,5.82
95,Ambovombe,50,MG,1562872673,65,-25.18,46.09,72.03,12.21
96,Puerto del Rosario,20,ES,1562872674,57,28.5,-13.86,77.0,17.22
97,Malyye Derbety,99,RU,1562872675,89,47.95,44.68,62.13,5.64
98,Krasnyy Kholm,62,RU,1562872676,74,58.06,37.11,47.37,6.4
99,Poshekhonye,99,RU,1562872678,70,58.5,39.12,49.53,6.6
100,Nanortalik,99,GL,1562872679,91,60.14,-45.24,40.17,6.13
101,Loikaw,100,MM,1562872680,98,19.67,97.21,66.45,3.56
102,Cherskiy,66,RU,1562872681,46,68.75,161.3,74.19,4.18
103,Guerrero Negro,0,MX,1562872682,85,27.97,-114.04,67.17,15.9
104,Wodonga,75,AU,1562872683,87,-36.12,146.89,51.8,6.93
105,Ravar,16,IR,1562872685,12,31.27,56.81,82.83,6.06
106,Eyl,62,SO,1562872686,61,7.98,49.82,81.03,24.02
107,Chunskiy,83,RU,1562872687,76,56.08,99.63,61.41,2.75
108,Hongjiang,100,CN,1562872688,99,27.21,109.83,68.61,1.68
109,Qandala,27,SO,1562872690,62,11.47,49.87,89.67,5.82
110,Goroka,100,PG,1562872691,97,-6.07,145.39,50.25,1.97
111,Hoima,97,UG,1562872692,79,1.43,31.35,73.29,4.88
112,Hobart,20,AU,1562872693,70,-42.88,147.33,46.99,21.92
113,Hamilton,75,CA,1562872432,69,43.26,-79.87,87.01,17.22
114,Carmarthen,95,GB,1562872695,88,51.86,-4.31,66.0,14.99
115,Puerto Escondido,40,MX,1562872697,66,15.86,-97.07,87.8,5.82
116,Zeya,11,RU,1562872698,89,53.74,127.27,59.25,3.02
117,Port Hardy,90,CA,1562872699,93,50.7,-127.42,59.0,5.82
118,Mana,81,NG,1562872700,38,13.03,5.27,93.09,10.25
119,Pochutla,75,MX,1562872702,59,15.74,-96.47,91.99,5.5
120,Severo-Kurilsk,100,RU,1562872703,96,50.68,156.12,42.69,11.21
121,Druzhinino,36,RU,1562872704,85,56.79,59.52,56.37,4.79
122,Ostrovnoy,100,RU,1562872705,96,68.05,39.51,39.81,30.33
123,Richards Bay,0,ZA,1562872706,81,-28.77,32.06,71.49,20.6
124,Gazojak,0,TM,1562872708,17,41.19,61.4,92.73,15.86
125,Souillac,0,FR,1562872709,36,45.6,-0.6,82.0,11.41
126,Ust-Kuyga,25,RU,1562872710,71,70.0,135.55,54.39,3.31
127,Bredasdorp,0,ZA,1562872515,71,-34.53,20.04,57.2,6.93
128,Jamestown,100,AU,1562872491,83,-33.21,138.6,50.97,18.03
129,Kinablangan,99,PH,1562872713,89,7.69,126.55,70.59,5.26
130,Hithadhoo,49,MV,1562872715,73,-0.6,73.08,84.81,11.01
131,Addanki,80,IN,1562872716,57,15.81,79.97,87.15,3.15
132,Puerto Colombia,40,CO,1562872717,62,10.99,-74.96,89.6,8.05
133,Isangel,20,VU,1562872655,83,-19.55,169.27,73.4,12.64
134,Port Hueneme,1,US,1562872587,60,34.15,-119.2,91.99,9.17
135,Flinders,19,AU,1562872720,54,-34.58,150.85,57.2,16.11
136,Hobyo,17,SO,1562872722,71,5.35,48.53,78.87,21.92
137,Bambous Virieux,20,MU,1562872723,88,-20.34,57.76,66.2,8.05
138,Clyde River,75,CA,1562872724,62,70.47,-68.59,55.4,24.16
139,Zyryanskoye,5,RU,1562872725,72,56.83,86.62,53.85,3.8
140,Bud,12,NO,1562872726,87,62.91,6.91,64.4,14.99
141,East London,0,ZA,1562872490,55,-33.02,27.91,64.4,6.93
142,Ponta do Sol,0,BR,1562872729,39,-20.63,-46.0,70.59,5.84
143,Dali,100,CN,1562872730,54,34.79,109.94,76.17,1.68
144,Port Augusta,4,AU,1562872731,76,-32.49,137.76,55.4,10.29
145,Morondava,0,MG,1562872733,57,-20.3,44.28,76.89,17.69
146,Gerash,0,IR,1562872734,41,27.67,54.14,95.0,7.43
147,Torbay,90,CA,1562872735,87,47.66,-52.73,51.8,11.41
148,Santiago del Estero,2,AR,1562872737,50,-27.8,-64.26,74.01,4.0
149,Vestmannaeyjar,90,IS,1562872738,93,63.44,-20.27,51.8,14.99
150,Dudinka,80,RU,1562872739,62,69.41,86.18,53.6,4.47
151,Emirdag,63,TR,1562872740,76,39.02,31.15,57.99,8.03
152,Srednekolymsk,52,RU,1562872741,50,67.46,153.71,73.83,2.53
153,Castro,75,CL,1562872743,93,-42.48,-73.76,48.2,13.87
154,Havoysund,0,NO,1562872744,50,71.0,24.66,55.4,8.05
155,Victoria,75,BN,1562872745,83,5.28,115.24,78.8,2.24
156,Bonthe,100,SL,1562872746,87,7.53,-12.5,77.25,12.06
157,Cidreira,100,BR,1562872495,58,-30.17,-50.22,70.05,4.74
158,Quatre Cocos,20,MU,1562872749,88,-20.21,57.76,66.2,8.05
159,Georgetown,40,GY,1562872750,79,6.8,-58.16,86.0,6.93
160,Geraldton,75,CA,1562872751,43,49.72,-86.95,71.6,8.05
161,Carnarvon,0,ZA,1562872752,19,-30.97,22.13,58.71,12.48
162,Vao,28,EE,1562872753,63,59.1,26.19,51.51,3.89
163,Cabedelo,40,BR,1562872754,65,-6.97,-34.84,82.4,13.87
164,Kaitangata,70,NZ,1562872756,90,-46.28,169.85,41.0,4.0
165,Hazorasp,0,UZ,1562872757,54,41.32,61.08,78.8,6.93
166,Monastyrshchina,100,RU,1562872758,82,54.35,31.84,54.21,4.68
167,Bowen,40,AU,1562872759,100,-20.01,148.25,64.0,4.7
168,Tamandare,27,BR,1562872760,38,-8.28,-70.75,93.63,1.28
169,Bozhou,74,CN,1562872762,65,33.86,115.78,76.53,4.81
170,Lebu,75,ET,1562872763,87,8.96,38.73,60.8,2.24
171,Harindanga,40,IN,1562872764,94,22.04,88.32,82.4,8.05
172,Kalmunai,92,LK,1562872765,84,7.42,81.82,78.51,4.38
173,Saint Anthony,1,US,1562872766,23,43.97,-111.68,88.0,16.11
174,Rio Gallegos,90,AR,1562872757,93,-51.62,-69.22,39.2,12.37
175,Havre-Saint-Pierre,1,CA,1562872769,48,50.23,-63.6,64.4,8.05
176,Yangambi,100,CD,1562872770,93,0.77,24.47,72.75,1.05
177,Faya,20,SA,1562872771,46,18.39,42.45,75.2,5.82
178,Poya,0,NC,1562872772,71,-21.35,165.16,68.43,5.97
179,Sayat,0,TM,1562872773,31,38.78,63.88,87.8,4.7
180,Jian,94,IN,1562872775,84,25.65,87.89,81.57,5.48
181,Jumla,100,NP,1562872776,98,29.28,82.18,56.55,1.63
182,Mahebourg,20,MU,1562872777,88,-20.41,57.7,66.2,8.05
183,Blythe,1,US,1562872778,15,33.61,-114.59,105.01,8.05
184,Bandarbeyla,58,SO,1562872779,65,9.49,50.81,80.13,26.71
185,Huarmey,84,PE,1562872781,88,-10.07,-78.15,63.03,12.5
186,Tessalit,22,ML,1562872782,12,20.2,1.01,105.51,11.07
187,Flin Flon,90,CA,1562872783,87,54.77,-101.88,57.2,6.93
188,Voh,28,NC,1562872784,75,-20.95,164.69,68.07,7.58
189,Uyar,100,RU,1562872785,75,55.81,94.33,55.29,4.07
190,Longyearbyen,75,NO,1562872786,75,78.22,15.63,46.4,6.93
191,Bianzhuang,4,CN,1562872716,77,39.44,112.12,55.65,2.19
192,Pitimbu,40,BR,1562872789,65,-7.47,-34.81,82.4,13.87
193,Bonavista,100,CA,1562872790,83,48.65,-53.11,48.99,10.0
194,Dong Xoai,40,VN,1562872791,88,11.53,106.92,77.25,5.12
195,Port Elizabeth,40,US,1562872780,78,39.31,-74.98,91.4,14.99
196,Rapid Valley,1,US,1562872794,58,44.06,-103.15,90.0,9.17
197,Botshabelo,0,ZA,1562872795,52,-29.23,26.73,42.8,2.24
198,Medea,0,DZ,1562872796,65,36.27,2.77,78.8,9.17
199,Valleyview,63,CA,1562872571,52,55.07,-117.28,67.35,6.49
200,Hofn,40,IS,1562872515,67,64.25,-15.21,59.0,6.93
201,Poronaysk,100,RU,1562872800,98,49.22,143.1,49.35,2.91
202,George,14,MW,1562872801,61,-15.35,34.83,58.71,2.48
203,Tual,59,ID,1562872802,79,-5.67,132.75,77.25,18.14
204,Basco,90,US,1562872803,57,40.33,-91.2,84.2,8.05
205,Esperance,90,AU,1562872536,100,-33.86,121.89,50.0,8.05
206,Ribeira Grande,20,PT,1562872806,78,38.52,-28.7,73.4,4.7
207,Tuy Hoa,3,VN,1562872807,83,13.08,109.3,75.99,3.65
208,Leshukonskoye,99,RU,1562872808,79,64.9,45.76,42.15,9.51
209,Osakarovka,60,KZ,1562872809,44,50.56,72.58,66.99,13.69
210,Arraial do Cabo,0,BR,1562872810,50,-22.97,-42.02,75.2,9.17
211,Mustvee,50,EE,1562872812,62,58.85,26.93,55.4,5.82
212,Khani,75,GE,1562872813,83,41.96,42.96,75.2,3.36
213,Sretensk,6,RU,1562872814,60,52.24,117.7,62.49,4.45
214,Skibbereen,20,IE,1562872815,68,51.55,-9.27,64.4,14.99
215,Pathanamthitta,100,IN,1562872816,90,9.27,76.79,77.43,2.3
216,Kodiak,20,US,1562872818,48,39.95,-94.76,84.99,9.17
217,Ilulissat,40,GL,1562872539,81,69.22,-51.1,44.6,8.05
218,Ippy,93,CF,1562872820,97,6.26,21.2,68.79,5.48
219,Seydi,0,NE,1562872821,58,13.34,7.75,87.8,9.17
220,Walvis Bay,0,NA,1562872822,93,-22.95,14.51,60.8,3.36
221,Touros,40,BR,1562872823,65,-5.2,-35.46,82.4,13.87
222,Karatsu,90,JP,1562872825,73,33.45,129.97,75.2,4.7
223,Santa Rosalia,20,IT,1562872826,74,38.07,13.27,81.0,1.12
224,Pinerolo,0,IT,1562872827,64,44.89,7.33,75.99,4.7
225,Gejiu,100,CN,1562872828,96,23.36,103.16,63.93,6.44
226,Mount Gambier,75,AU,1562872794,93,-37.83,140.78,53.6,16.11
227,Jieshi,100,CN,1562872831,94,22.82,115.83,82.0,3.0
228,Dezhou,3,CN,1562872832,62,37.45,116.31,75.45,4.9
229,Pingliang,100,CN,1562872833,86,35.54,106.68,55.83,5.66
230,Alice Springs,99,AU,1562872731,48,-23.7,133.88,42.8,5.82
231,Sao Joao da Barra,0,BR,1562872835,34,-21.64,-41.05,82.4,4.7
232,Kuusamo,0,FI,1562872837,57,65.96,29.19,51.8,5.82
233,Shelbyville,90,US,1562872838,45,39.41,-88.79,84.2,8.05
234,Sinaloa,1,MX,1562872839,13,32.55,-115.28,105.8,4.7
235,Bilibino,92,RU,1562872840,42,68.06,166.44,70.23,5.17
236,Arteaga,29,MX,1562872841,53,25.45,-100.85,93.99,4.0
237,Port Shepstone,0,ZA,1562872843,25,-30.74,30.45,64.29,4.97
238,Tambacounda,75,SN,1562872844,70,13.77,-13.67,91.4,6.93
239,Rabo de Peixe,20,PT,1562872845,69,37.8,-25.58,75.2,10.29
240,Tuatapere,97,NZ,1562872846,89,-46.13,167.69,44.01,5.99
241,Coos Bay,90,US,1562872848,88,43.37,-124.22,78.01,4.7
242,Sangin,0,AF,1562872849,8,32.07,64.85,83.55,2.51
243,Ilo,0,PE,1562872850,68,-17.65,-71.34,66.2,6.93
244,Pangnirtung,75,CA,1562872851,35,66.15,-65.72,73.4,8.05
245,Dakar,20,SN,1562872852,78,14.69,-17.45,78.8,9.17
246,Coquimbo,0,CL,1562872854,67,-29.95,-71.34,61.0,4.7
247,Andilamena,59,MG,1562872855,96,-17.01,48.57,58.35,6.53
248,Shannon,75,IE,1562872856,77,52.71,-8.88,64.4,12.75
249,Wanning,100,AT,1562872857,76,48.64,13.53,68.0,4.0
250,Itarema,51,BR,1562872669,63,-2.92,-39.92,84.09,12.08
251,Kamina,0,CD,1562872859,31,-8.74,25.0,70.23,4.72
252,Hilo,1,US,1562872834,69,19.71,-155.08,80.01,7.58
253,Sitka,14,US,1562872862,54,37.17,-99.65,84.0,3.0
254,Lagoa,0,PT,1562872835,54,37.14,-8.45,81.0,5.82
255,Miaga,35,PH,1562872864,82,12.24,123.82,80.13,2.3
256,Gigmoto,17,PH,1562872866,75,13.78,124.39,83.19,4.72
257,Lavrentiya,17,RU,1562872867,47,65.58,-170.99,65.01,5.68
258,Tiksi,90,RU,1562872868,58,71.64,128.87,54.03,10.98
259,George Town,75,MY,1562872707,83,5.42,100.33,78.8,5.82
260,Tagusao,94,PH,1562872870,80,9.19,117.81,80.13,6.08
261,Tasiilaq,40,GL,1562872871,81,65.61,-37.64,42.8,9.17
262,Soller,72,DE,1562872873,59,50.73,6.56,75.2,2.24
263,Airai,0,TL,1562872874,78,-8.93,125.41,66.99,5.46
264,Doha,0,QA,1562872818,63,25.29,51.53,95.0,2.24
265,Grand-Santi,14,GF,1562872726,57,4.27,-54.38,87.51,4.72
266,Nizwa,94,OM,1562872877,22,22.93,57.53,82.47,2.89
267,Surt,0,LY,1562872878,85,31.21,16.59,80.67,13.58
268,Bati,18,ET,1562872880,47,11.19,40.02,78.33,1.7
269,Vila Velha,20,BR,1562872598,62,-3.71,-38.6,86.0,14.99
270,Husavik,72,CA,1562872882,40,50.56,-96.99,82.0,8.99
271,Seoul,90,KR,1562872863,94,37.57,126.98,69.8,2.24
272,Pisco,7,PE,1562872884,30,-13.71,-76.2,71.6,10.29
273,Honiara,20,SB,1562872885,100,-9.43,159.96,73.4,2.24
274,Lincoln,75,GB,1562872654,72,53.23,-0.54,73.4,9.17
275,Viedma,100,AR,1562872888,42,-40.81,-62.99,58.89,6.31
276,Urengoy,100,RU,1562872889,87,65.96,78.37,62.85,11.36
277,Naryan-Mar,71,RU,1562872890,97,67.67,53.09,47.37,8.61
278,Marsabit,49,KE,1562872891,40,2.34,37.99,85.53,16.58
279,Alofi,35,NU,1562872775,100,-19.06,-169.92,73.4,8.05
280,Iisalmi,0,FI,1562872738,93,63.56,27.19,50.0,4.34
281,Mogadishu,99,SO,1562872725,84,2.04,45.34,77.07,11.27
282,Priargunsk,40,RU,1562872896,45,50.37,119.09,68.25,1.57
283,Ilhabela,56,BR,1562872840,63,-23.78,-45.36,70.23,6.06
284,Sinnamary,10,GF,1562872898,80,5.38,-52.96,81.39,15.1
285,Inhambane,0,MZ,1562872899,93,-23.87,35.38,62.6,4.81
286,Batamshinskiy,0,KZ,1562872900,53,50.56,58.27,71.6,6.71
287,Rawson,0,AR,1562872902,39,-43.3,-65.11,53.85,10.31
288,Frontera,80,MX,1562872903,73,18.53,-92.64,83.01,10.51
289,Dallas,1,US,1562872767,41,32.78,-96.8,96.01,8.05
290,Yankton,1,US,1562872905,54,42.87,-97.4,86.0,2.75
291,Northam,40,AU,1562872906,93,-31.65,116.67,46.4,3.13
292,Pontianak,19,ID,1562872908,75,-0.02,109.34,83.01,9.22
293,Gogosari,1,RO,1562872909,60,43.87,25.7,69.01,6.22
294,Yellowknife,40,CA,1562872910,63,62.45,-114.38,62.6,10.29
295,Matay,0,EG,1562872911,22,28.42,30.79,95.07,19.66
296,Belaya Gora,96,RU,1562872912,86,68.54,146.19,64.29,9.31
297,Krasnoye-na-Volge,40,RU,1562872914,76,57.51,41.24,53.6,4.47
298,Bjornevatn,20,NO,1562872915,75,69.67,29.98,48.2,9.17
299,Portland,90,US,1562872649,88,43.66,-70.25,80.6,6.93
300,Nyurba,31,RU,1562872917,74,63.29,118.35,62.49,1.79
301,Port Macquarie,0,AU,1562872918,57,-31.43,152.91,50.0,3.33
302,Lasa,0,CY,1562872825,83,34.92,32.53,82.99,8.05
303,Gorontalo,100,ID,1562872920,95,0.54,123.06,72.57,5.73
304,Camacha,40,PT,1562872922,68,33.08,-16.33,71.6,14.99
305,Yar-Sale,100,RU,1562872923,90,66.83,70.83,59.97,11.72
306,Arlit,26,NE,1562872778,6,18.74,7.39,107.13,7.07
307,Acari,90,BR,1562872926,43,-6.44,-36.64,86.61,16.78
308,Matamoros,1,US,1562872927,44,25.87,-97.51,99.0,5.53
309,Areka,71,ET,1562872928,87,7.07,37.71,66.45,2.1
310,Ulladulla,1,AU,1562872878,54,-35.36,150.48,57.2,16.11
311,Kita,75,JP,1562872930,100,35.76,139.74,68.0,8.05
312,Ternate,75,PH,1562872932,83,14.29,120.72,82.99,4.7
313,Bara,46,NG,1562872933,81,10.41,10.6,76.17,11.27
314,Xiongyue,7,CN,1562872934,86,40.18,122.12,71.13,15.88
315,Kadhan,63,PK,1562872935,71,24.48,68.99,84.27,22.26
316,Nalut,0,LY,1562872937,29,31.86,10.98,93.81,19.08
317,Valparaiso,20,US,1562872895,54,41.47,-87.06,82.99,9.17
318,Goulburn,96,AU,1562872939,86,-34.75,149.72,48.0,3.0
319,Allahabad,100,IN,1562872940,79,25.44,81.83,83.73,1.63
320,Thinadhoo,66,MV,1562872941,76,0.53,72.93,84.09,11.05
321,Kaitong,91,CN,1562872943,82,44.81,123.15,69.87,3.53
322,Talcahuano,75,CL,1562872944,76,-36.72,-73.12,57.2,9.17
323,Adrar,32,DZ,1562872945,8,27.87,-0.29,111.2,9.17
324,Sorong,99,ID,1562872946,93,-0.86,131.25,73.65,7.14
325,Kamaishi,100,JP,1562872865,96,39.28,141.86,54.21,3.31
326,Pueblo,1,US,1562872770,29,38.25,-104.61,96.8,4.7
327,Battle Creek,75,US,1562872758,51,42.32,-85.18,84.2,9.17
328,Kavaratti,100,IN,1562872951,81,10.57,72.64,83.73,10.47
329,Guadalupe,40,MX,1562872952,23,25.68,-100.26,98.6,3.36
330,Hokitika,93,NZ,1562872953,75,-42.72,170.96,49.89,10.13
331,Uyemskiy,90,RU,1562872954,100,64.47,40.85,39.2,6.71
332,Zhigansk,71,RU,1562872955,58,66.77,123.37,66.09,6.96
333,Tabuk,3,PH,1562872956,95,17.41,121.44,63.39,2.46
334,Barguzin,0,RU,1562872958,66,53.62,109.63,54.03,1.1
335,Dawei,99,MM,1562872959,78,14.07,98.19,82.65,10.83
336,Opuwo,0,NA,1562872960,14,-18.06,13.84,65.19,9.26
337,Tateyama,97,JP,1562872961,71,36.66,137.31,75.99,11.01
338,Zyryanovsk,4,KZ,1562872962,75,49.74,84.27,52.23,8.52
339,Constanta,0,RO,1562872964,55,44.18,28.65,64.4,4.7
340,Narsaq,20,GL,1562872965,62,60.91,-46.05,53.6,6.93
341,Sao Filipe,50,CV,1562872966,82,14.9,-24.5,72.21,11.99
342,Chifeng,44,CN,1562872967,73,42.27,118.96,61.41,3.22
343,Nanga Eboko,76,CM,1562872968,96,4.68,12.37,69.69,5.97
344,Fortuna,90,US,1562872970,82,40.6,-124.16,82.0,11.41
345,Nelson Bay,0,AU,1562872971,62,-32.72,152.14,57.0,13.87
346,Chateaubelair,40,VC,1562872972,70,13.28,-61.25,87.8,8.05
347,Soddy-Daisy,75,US,1562872973,66,35.24,-85.19,88.0,4.45
348,Turayf,0,SA,1562872974,25,31.68,38.65,89.6,16.11
349,Craig,1,US,1562872976,15,40.52,-107.55,89.6,3.36
350,Saint-Augustin,75,CA,1562872977,88,45.63,-73.98,81.0,5.82
351,Broome,20,GB,1562872978,73,52.47,1.45,73.0,3.36
352,Sinnar,100,IN,1562872979,86,19.85,74.0,74.73,21.79
353,Coihaique,75,CL,1562872980,93,-45.58,-72.07,46.4,4.7
354,Mandla,100,IN,1562872982,83,22.6,80.37,78.33,7.36
355,Talaya,0,RU,1562872983,93,55.79,84.89,51.8,2.24
356,Ornskoldsvik,83,SE,1562872984,51,63.29,18.72,59.0,5.82
357,Port Hedland,100,AU,1562872985,30,-20.31,118.58,68.0,9.17
358,Kahului,20,US,1562872987,58,20.89,-156.47,82.4,23.04
359,Catia La Mar,20,VE,1562872988,70,10.6,-67.03,84.2,4.7
360,Haines Junction,100,CA,1562872989,46,60.75,-137.51,62.31,6.02
361,Kavieng,100,PG,1562872990,78,-2.57,150.8,81.75,13.22
362,Bartica,75,GY,1562872992,70,6.41,-58.62,86.0,6.93
363,Saint-Pierre,0,FR,1562872704,50,48.95,4.24,78.8,2.24
364,Khuzdar,11,PK,1562872994,61,27.8,66.62,76.53,8.88
365,Necochea,100,AR,1562872995,83,-38.55,-58.74,60.01,1.99
366,Broken Hill,40,AU,1562872996,71,-31.97,141.45,51.8,12.75
367,Half Moon Bay,75,US,1562872997,93,37.46,-122.43,82.0,8.05
368,Prince Rupert,90,CA,1562872999,88,54.32,-130.32,62.6,5.82
369,Jinan,5,CN,1562873000,63,36.65,117.11,74.91,4.54
370,Normandin,90,CA,1562873001,61,48.84,-72.53,77.0,12.75
371,Sistranda,20,NO,1562873002,81,63.73,8.83,55.0,11.41
372,Lima,90,PE,1562872771,82,-12.06,-77.04,64.4,10.29
373,Champerico,20,MX,1562873005,58,16.38,-93.6,86.0,8.05
374,Margate,20,AU,1562873006,70,-43.03,147.26,46.99,21.92
375,Zonguldak,99,TR,1562873007,77,41.25,31.83,69.51,9.62
376,Comodoro Rivadavia,0,AR,1562873008,50,-45.87,-67.48,55.4,14.99
377,Sola,68,TZ,1562873010,37,-3.17,33.8,75.99,12.17
378,Nemuro,100,JP,1562873011,91,43.32,145.57,52.41,13.8
379,Klaksvik,83,FO,1562873012,100,62.23,-6.59,51.8,10.29
380,Nenjiang,95,CN,1562873013,89,49.17,125.23,64.47,4.03
381,Komsomolskiy,52,RU,1562873014,88,67.55,63.78,57.45,8.81
382,Karpathos,0,GR,1562873015,78,35.51,27.21,75.2,19.46
383,Saint Stephen,40,US,1562873017,57,45.7,-94.27,80.01,6.93
384,Praia da Vitoria,20,PT,1562873018,78,38.73,-27.07,75.0,3.06
385,Vidim,0,CZ,1562873019,52,50.47,14.53,70.0,9.17
386,Qaqortoq,20,GL,1562872969,62,60.72,-46.03,53.6,6.93
387,Copala,38,MX,1562873021,71,16.61,-98.97,83.73,9.46
388,Leningradskiy,33,RU,1562873023,68,69.38,178.42,49.35,8.68
389,Bow Island,75,CA,1562873024,30,49.87,-111.38,80.6,13.87
390,Kruisfontein,0,ZA,1562873025,83,-34.0,24.73,54.75,12.71
391,Khash,10,IR,1562873026,11,28.22,61.21,80.31,13.85
392,Morehead,1,US,1562873027,83,38.18,-83.43,82.99,8.05
393,Zaria,77,NG,1562872927,83,11.11,7.72,74.37,6.17
394,Salalah,90,OM,1562873030,88,17.01,54.1,80.6,5.82
395,Kovdor,30,RU,1562873031,60,67.56,30.47,48.99,8.39
396,Victoria Point,0,AU,1562873032,66,-27.58,153.3,53.01,3.36
397,Henties Bay,0,NA,1562873033,92,-22.12,14.28,55.0,5.99
398,San Cristobal,40,HN,1562872841,43,14.68,-86.92,86.07,8.66
399,Turukhansk,61,RU,1562872909,58,65.8,87.96,55.83,8.55
400,Inverness,75,GB,1562873037,100,57.48,-4.23,60.01,1.12
401,Banjar,95,ID,1562873038,97,-7.37,108.54,68.07,1.1
402,Aswan,0,EG,1562873039,21,24.09,32.9,95.0,9.17
403,Tripoli,40,GR,1562873040,61,37.51,22.37,80.01,10.29
404,Antofagasta,90,CL,1562873042,72,-23.65,-70.4,59.0,12.75
405,Egvekinot,0,RU,1562872869,28,66.32,-179.17,69.51,3.96
406,Westport,1,US,1562873044,58,41.14,-73.36,84.99,6.93
407,Ust-Barguzin,0,RU,1562873045,88,53.41,109.03,49.71,4.0
408,Aseri,56,EE,1562873046,61,59.45,26.87,51.87,5.93
409,Sur,74,OM,1562873048,49,22.57,59.53,86.79,9.82
410,San Benito Abad,91,CO,1562873049,73,8.93,-75.03,84.81,0.87
411,West Wendover,1,US,1562872964,14,40.74,-114.07,89.6,10.29
412,Alfatar,75,BG,1562873051,77,43.95,27.28,71.01,4.7
413,Dongsheng,97,CN,1562873053,71,29.72,112.52,76.17,4.47
414,Maputo,0,MZ,1562873054,82,-25.97,32.57,62.6,5.82
415,Lata,96,IN,1562873055,90,30.78,78.62,46.47,1.66
416,Taitung,5,TW,1562873056,82,22.76,121.15,62.49,5.64
417,Harper,1,US,1562873057,46,30.3,-99.24,91.99,9.17
418,Taoudenni,19,ML,1562873058,9,22.68,-3.98,109.83,9.24
419,Nouadhibou,10,MR,1562872885,68,20.93,-17.03,71.6,23.04
420,Bodden Town,20,KY,1562873061,70,19.28,-81.25,89.6,16.11
421,Shubarkuduk,50,KZ,1562873062,46,49.15,56.49,77.43,8.28
422,Ottumwa,75,US,1562872866,74,41.02,-92.41,82.4,9.17
423,Iqaluit,90,CA,1562873064,81,63.75,-68.52,44.6,6.93
424,Caucaia,20,BR,1562873066,62,-3.73,-38.66,86.0,14.99
425,Pacific Grove,1,US,1562873067,68,36.62,-121.92,84.2,10.29
426,Road Town,40,VG,1562873068,62,18.42,-64.62,87.8,9.17
427,Sao Felix do Xingu,18,BR,1562873069,43,-6.64,-51.99,88.77,6.33
428,Dehloran,0,IR,1562873070,14,32.69,47.27,86.61,9.62
429,Tura,23,RU,1562873072,92,64.27,100.22,49.53,2.64
430,Uyo,75,NG,1562873073,100,5.03,7.92,73.4,6.67
431,Ukiah,1,US,1562873074,37,39.15,-123.21,88.0,8.05
432,Popondetta,74,PG,1562873075,53,-8.77,148.24,58.89,5.44
433,San Patricio,12,PY,1562873076,59,-26.98,-56.83,77.61,5.99
434,Najran,40,SA,1562873078,14,17.54,44.22,93.2,6.93
435,Vostok,60,RU,1562872819,93,46.45,135.83,60.15,2.86
436,Ninh Binh,100,VN,1562873080,85,20.25,105.97,79.77,3.02
437,Piombino,0,IT,1562873081,69,42.93,10.52,84.0,5.82
438,Sal Rei,20,CV,1562873082,69,16.18,-22.92,78.8,12.75
439,Berlevag,0,NO,1562873083,81,70.86,29.09,48.2,9.17
440,Belyy Yar,0,RU,1562873085,82,53.6,91.39,60.8,8.95
441,Hervey Bay,0,AU,1562873086,81,-25.3,152.85,54.0,6.93
442,Birjand,0,IR,1562873087,17,32.86,59.22,84.2,13.87
443,Kieta,100,PG,1562873088,84,-6.22,155.63,78.69,11.99
444,Iquitos,75,PE,1562873089,319,-3.75,-73.25,42.8,4.7
445,Buchanan,40,LR,1562873091,94,5.88,-10.05,75.2,13.18
446,Cockburn Town,40,TC,1562873092,70,21.46,-71.14,89.6,9.17
447,Ryotsu,90,JP,1562873093,94,38.08,138.43,68.0,3.36
448,Sven,78,RU,1562873094,91,53.18,34.55,54.75,5.86
449,Teahupoo,40,PF,1562873095,69,-17.83,-149.27,82.4,9.17
450,Inuvik,75,CA,1562873097,61,68.36,-133.71,50.0,9.17
451,Sena Madureira,10,BR,1562873098,37,-9.07,-68.66,93.45,2.21
452,Shirokiy,53,RU,1562873099,80,53.87,39.17,57.99,4.5
453,Katherine,75,AU,1562872816,56,-14.47,132.26,73.4,8.05
454,Tahoua,0,NE,1562873101,39,14.89,5.26,95.0,13.87
455,Laguna,20,BZ,1562873102,70,16.17,-88.94,89.6,9.17
456,Zilair,17,RU,1562873104,78,52.23,57.44,59.25,3.71
457,Lages,75,BR,1562873062,99,-27.82,-50.33,73.0,1.01
458,Hami,100,CN,1562873106,32,42.84,93.51,79.23,22.66
459,Naze,75,NG,1562873108,94,5.43,7.07,75.2,2.24
460,Namatanai,100,PG,1562873109,82,-3.66,152.44,77.79,19.8
461,Kahramanmaras,40,TR,1562873110,51,37.58,36.93,80.6,14.99
462,Awjilah,0,LY,1562873111,13,29.14,21.3,97.23,11.05
463,Hovd,0,NO,1562873079,72,63.83,10.7,64.0,13.87
464,Sisimiut,44,GL,1562873113,92,66.94,-53.67,41.25,7.45
465,Vila Frescainha,0,PT,1562873115,69,41.54,-8.64,93.0,8.05
466,Ewa Beach,40,US,1562873116,65,21.32,-158.01,84.0,18.34
467,Bat Yam,0,IL,1562873117,65,32.02,34.75,82.99,4.7
468,Grindavik,75,IS,1562873118,76,63.84,-22.43,55.4,10.29
469,Aksu,0,KZ,1562873119,67,52.04,76.93,59.0,11.18
470,Magadan,0,RU,1562873121,80,59.56,150.8,52.23,4.36
471,Trincomalee,100,LK,1562873122,81,8.58,81.23,77.97,4.45
472,Tigre,0,AR,1562873123,63,-34.42,-58.58,64.99,8.05
473,Koslan,80,RU,1562873124,91,63.46,48.9,42.15,4.03
474,Filingue,86,NE,1562873125,23,14.35,3.32,100.11,8.21
475,Sadao,75,TH,1562873126,94,6.63,100.42,78.8,3.0
476,Viransehir,0,TR,1562873128,24,37.24,39.76,83.01,3.91
477,Weligama,59,LK,1562872945,80,5.97,80.42,83.19,11.95
478,Talara,0,PE,1562873130,290,-4.58,-81.27,62.6,17.22
479,Vila Franca do Campo,20,PT,1562873131,73,37.72,-25.43,73.4,11.41
480,Brae,75,GB,1562873132,87,60.4,-1.35,53.6,13.87
481,Oranjemund,0,ZA,1562872992,85,-28.55,16.43,56.55,6.96
482,Bonanza,81,NI,1562873135,86,14.03,-84.62,79.95,2.82
483,White Rock,90,CA,1562873136,82,49.02,-122.8,70.0,6.93
484,Barabai,49,ID,1562873137,96,-2.59,115.38,72.03,0.94
485,West Plains,75,US,1562873114,54,36.73,-91.85,86.0,4.7
486,Gat,3,SN,1562873139,69,14.69,-16.54,78.8,13.87
487,Batagay,22,RU,1562873141,69,67.65,134.64,61.23,0.56
488,Puri,67,ID,1562873142,89,-7.54,112.45,69.69,7.31
489,La Asuncion,100,AR,1562872953,37,-26.05,-65.39,68.07,6.67
490,Hualmay,66,PE,1562873144,87,-11.1,-77.61,62.49,12.35
491,Corumba,0,BR,1562873145,40,-19.0,-57.65,87.8,12.75
492,Loa Janan,19,ID,1562873146,99,-0.58,117.09,72.03,2.33
493,Kilindoni,17,TZ,1562873148,78,-7.91,39.67,78.33,19.95
494,Okhotsk,0,RU,1562873149,90,59.36,143.24,48.09,0.27
495,Kyzyl-Suu,0,KG,1562873150,63,42.34,78.0,68.97,3.76
496,Takoradi,100,GH,1562873151,79,4.89,-1.75,76.35,6.73
497,Nome,75,US,1562873152,66,30.04,-94.42,95.0,6.93
498,Ambon,0,FR,1562873154,64,47.55,-2.56,71.01,6.93
499,Burnie,99,AU,1562873155,84,-41.05,145.91,46.99,15.01
500,Heishan,80,CN,1562873156,91,41.69,122.12,65.37,3.33
501,Los Llanos de Aridane,20,ES,1562873157,69,28.66,-17.92,73.4,10.29
502,Sept-Iles,90,CA,1562873159,67,50.2,-66.38,59.0,10.29
503,Zabol,0,IR,1562873160,24,31.03,61.49,93.2,21.92
504,Vestmanna,73,FO,1562873161,100,62.16,-7.17,51.8,10.29
505,Nanakuli,1,US,1562873162,74,21.39,-158.15,84.0,8.05
506,Barahona,20,DO,1562873163,59,18.21,-71.1,91.4,16.11
507,Pitkyaranta,97,RU,1562873165,72,61.57,31.48,51.87,14.47
508,Ardakan,0,IR,1562873166,17,32.31,54.02,93.2,4.7
509,Samarai,100,PG,1562872985,84,-10.62,150.67,69.33,9.4
510,Paldiski,0,EE,1562873168,76,59.35,24.08,54.0,2.24
511,Abu Dhabi,0,AE,1562873115,63,24.47,54.37,93.2,2.24
512,Chernyshevskiy,42,RU,1562873171,68,63.01,112.47,61.05,2.59
513,Marathon,20,CA,1562873172,33,48.72,-86.38,73.4,11.41
514,Rochester,1,US,1562873174,47,44.02,-92.46,80.6,5.82
515,Moussoro,100,TD,1562873175,55,13.64,16.49,85.71,20.62
516,Yenagoa,100,NG,1562873176,92,4.92,6.26,75.09,6.17
517,Eureka,90,US,1562873075,93,40.8,-124.16,75.99,8.05
518,Sharkan,70,RU,1562873178,90,57.3,53.87,57.0,6.96
519,Havre,1,US,1562873180,26,48.55,-109.68,84.2,18.34
520,Machelen,0,BE,1562873181,56,50.91,4.44,73.99,5.82
521,Paramonga,58,PE,1562873182,86,-10.68,-77.82,62.31,11.59
522,Bambanglipuro,39,ID,1562872960,83,-7.95,110.28,74.91,13.98
523,Montepuez,55,MZ,1562873184,57,-13.13,39.0,64.11,3.42
524,Balkhash,0,KZ,1562873185,24,46.84,74.98,79.41,17.22
525,Carutapera,14,BR,1562873187,84,-1.2,-46.02,80.31,8.48
526,Price,1,US,1562873188,8,39.6,-110.81,89.6,5.82
527,Pyapon,100,MM,1562873189,85,16.29,95.68,80.49,6.42
528,Buta,99,CD,1562873190,96,2.79,24.73,70.95,1.99
